24/7,không nghỉ
24/7,liên tục
24/7,suốt ngày đêm
24/7,toàn thời gian
an_ninh,an toàn
an_ninh,bảo mật
an_ninh,bảo vệ
an_ninh,canh gác
an_ninh,security
an_toàn,bảo đảm
an_toàn,chắc chắn
an_toàn,không nguy hiểm
an_toàn,yên tâm
buổi_sáng,ban sáng
buổi_sáng,breakfast
buổi_sáng,bữa sáng
buổi_sáng,sáng
buổi_sáng,ăn sáng
bàn_tiệc,bàn ăn thịnh soạn
bàn_tiệc,bữa tiệc bày sẵn
bàn_tiệc,tiệc buffet
bàn_tiệc,tiệc sáng đầy đủ
bãi_đỗ_xe,bãi xe
bãi_đỗ_xe,chỗ để xe
bãi_đỗ_xe,gửi xe
bãi_đỗ_xe,nơi đậu xe
bãi_đỗ_xe,parking
bí_bức,chật hẹp
bí_bức,khó chịu
bí_bức,không thoáng
bí_bức,ngột ngạt
bất_lịch_sự,cộc cằn
bất_lịch_sự,hỗn láo
bất_lịch_sự,không lễ độ
bất_lịch_sự,kém văn minh
bất_lịch_sự,mất dạy
bất_lịch_sự,thô bỉ
bất_lịch_sự,thô lỗ
bất_lịch_sự,thô tục
bất_lịch_sự,vô lễ
bất_lịch_sự,vô văn hóa
bất_tiện,khó chịu
bất_tiện,không tiện
bất_tiện,phiền hà
bất_tiện,rắc rối
bẩn,bụi bặm
bẩn,dơ
bẩn,dơ bẩn
bẩn,không sạch
bẩn,lem luốc
bẩn,mất vệ sinh
bẩn,nhơ
bẩn,nhếch nhác
bẩn,vết bẩn
bẩn,ô uế
bẩn,đầy bụi
bổ_dưỡng,có lợi sức khỏe
bổ_dưỡng,dinh dưỡng cao
bổ_dưỡng,giàu dinh dưỡng
bổ_dưỡng,tốt cho sức khỏe
bụi,bám bụi
bụi,bụi bẩn
bụi,bụi bặm
bụi,bụi mịn
bụi,bụi đóng
bụi,bụi đường
bụi,nhiều bụi
bụi,phủ bụi
bụi,đất bụi
bụi,đầy bụi
bữa_sáng,breakfast
bữa_sáng,buổi sáng
bữa_sáng,bữa ăn sáng
bữa_sáng,thức ăn sáng
bữa_sáng,ăn sáng
cao,không rẻ
cao,quá giá
cao,vượt mức
cao,đắt đỏ
check_in,làm thủ tục vào
check_in,nhận phòng
check_in,thủ tục nhận phòng
check_in,đăng ký
check_in,đăng ký vào
chiều_khách,chiều lòng
chiều_khách,hướng đến nhu cầu khách
chiều_khách,hỗ trợ khách
chiều_khách,làm hài lòng khách
chiều_khách,phục vụ theo ý khách
chiều_khách,phục vụ tận tình
chiều_khách,phục vụ tốt
chiều_khách,phụng sự khách hàng
chiều_khách,thỏa mãn yêu cầu
chiều_khách,đáp ứng mong muốn
chiều_khách,đáp ứng nhu cầu
chiều_khách,đáp ứng nhu cầu khách hàng
chiều_khách,ưu ái khách
chu_đáo,chu toàn
chu_đáo,chu đáo
chu_đáo,chỉn chu
chu_đáo,cẩn thận
chu_đáo,kỹ lưỡng
chu_đáo,quan tâm
chu_đáo,trọn vẹn
chu_đáo,tận tâm
chu_đáo,tận tình
chu_đáo,tận tụy
chu_đáo,tỉ mẩn
chu_đáo,tỉ mỉ
chu_đáo,ân cần
chuyên_nghiệp,chuyên cần
chuyên_nghiệp,chuyên môn cao
chuyên_nghiệp,có kỹ năng
chuyên_nghiệp,có nghề
chuyên_nghiệp,lão luyện
chuyên_nghiệp,nghiêm túc
chuyên_nghiệp,nghề nghiệp
chuyên_nghiệp,tay nghề cao
chuyên_nghiệp,thuần thục
chuyên_nghiệp,thành thạo
chuyên_nghiệp,tinh thông
chuyên_nghiệp,tận tâm
chuyên_nghiệp,đáng tin cậy
chuyên_nghiệp,đúng chuẩn
chuyên_nghiệp,được đào tạo
chuẩn_vị,giữ được vị
chuẩn_vị,hợp khẩu vị
chuẩn_vị,ngon đúng chuẩn
chuẩn_vị,đúng vị
chán,dở tệ
chán,không thú vị
chán,nhàm chán
chán,thiếu hấp dẫn
chênh_lệch,cao thấp bất thường
chênh_lệch,khác biệt lớn
chênh_lệch,không đồng đều
chênh_lệch,mất cân đối
chú_ý_chi_tiết,chu đáo nhỏ nhặt
chú_ý_chi_tiết,cẩn thận từng chút
chú_ý_chi_tiết,quan tâm chi tiết
chú_ý_chi_tiết,tỉ mỉ
chăm_sóc_tốt,bảo dưỡng tốt
chăm_sóc_tốt,chăm chút
chăm_sóc_tốt,giữ gìn tốt
chăm_sóc_tốt,nuôi dưỡng kỹ
chảy_nước,nhỏ nước
chảy_nước,rò rỉ
chảy_nước,rỉ nước
chảy_nước,thấm nước
chất_lượng,bền vững
chất_lượng,cao cấp
chất_lượng,chất lượng cao
chất_lượng,hảo hạng
chất_lượng,sang trọng
chất_lượng,thượng hạng
chất_lượng,tốt
chất_lượng,xuất sắc
chất_lượng,đạt chuẩn
chất_lượng,đảm bảo
chất_lượng,đẳng cấp
chất_lượng_kém,không đạt chuẩn
chất_lượng_kém,kém chất lượng
chất_lượng_kém,tệ hại
chất_lượng_kém,yếu kém
chậm,chầm chậm
chậm,chậm chạp
chậm,không kịp thời
chậm,không nhanh
chậm,kéo dài
chậm,lâu
chậm,lề mề
chậm,mất thời gian
chậm,rề rà
chậm,trễ
chậm,từ từ
chậm,ì ạch
chậm_chạp,chậm chân
chậm_chạp,chậm rãi
chậm_chạp,chậm trễ
chậm_chạp,không nhanh
chậm_chạp,không nhanh nhẹn
chậm_chạp,kém hiệu quả
chậm_chạp,loay hoay
chậm_chạp,làm việc kém hiệu quả
chậm_chạp,lề mề
chậm_chạp,mất thời gian
chậm_chạp,rề rà
chậm_chạp,ì ạch
chậm_chạp,động tác chậm
chật,bí bách
chật,bó hẹp
chật,bị nén
chật,chật chội
chật,chật cứng
chật,chật hẹp
chật,chật ních
chật,chặt
chật,hẹp
chật,không rộng
chật,không đủ rộng
chật,nhỏ
chật,nhỏ hẹp
chật,thiếu không gian
chật_chội,bí bách
chật_chội,chật cứng
chật_chội,chật hẹp
chật_chội,chật kín
chật_chội,chật như nêm
chật_chội,chật nênh
chật_chội,chật ních
chật_chội,hạn hẹp
chật_chội,hẹp
chật_chội,không rộng
chật_chội,không đủ chỗ
chật_chội,nhỏ hẹp
chật_chội,thiếu không gian
chỗ_đậu_xe_rộng_rãi,bãi xe thoải mái
chỗ_đậu_xe_rộng_rãi,bãi đậu xe lớn
chỗ_đậu_xe_rộng_rãi,khu vực đậu xe thoáng
chỗ_đậu_xe_rộng_rãi,nơi đậu xe rộng
chỗ_đỗ_xe,bãi xe
chỗ_đỗ_xe,bãi đỗ xe
chỗ_đỗ_xe,khu vực đỗ xe
chỗ_đỗ_xe,nơi đậu xe
cách_âm,cách âm không tốt
cách_âm,cách âm kém
cách_âm,không chắn được tiếng ồn
cách_âm,không cách âm
cách_âm,không ngăn được tiếng ồn
cách_âm,nghe rõ tiếng bên ngoài
cách_âm,thiếu cách âm
cách_âm,thiếu khả năng chống ồn
cách_âm,tiếng ồn lọt qua
cách_âm,tiếng ồn vọng vào
cách_âm_hơi_kém,chống ồn kém
cách_âm_hơi_kém,không cách âm tốt
cách_âm_hơi_kém,khả năng cách âm yếu
cách_âm_hơi_kém,ồn từ bên ngoài
có_camera,camera theo dõi
có_camera,có hệ thống camera
có_camera,có thiết bị giám sát
có_camera,giám sát camera
có_gương_selfie,có gương chụp ảnh
có_gương_selfie,có gương tự sướng
có_gương_selfie,có gương để chụp hình
có_gương_selfie,gương selfie tiện lợi
có_mái_che,che mưa nắng
có_mái_che,có mái bảo vệ
có_mái_che,có mái phủ
có_mái_che,kèm mái che
có_netflix_xem_phim,bao gồm Netflix xem phim
có_netflix_xem_phim,cung cấp Netflix
có_netflix_xem_phim,có dịch vụ Netflix
có_netflix_xem_phim,truy cập Netflix
có_quầy_bar,bao gồm quầy bar
có_quầy_bar,có quán bar
có_quầy_bar,kèm quầy bar
có_quầy_bar,quầy bar tiện lợi
cũ,không mới
cũ,không tươi
cũ,lỗi thời
cũ,xưa cũ
cũ,đã qua sử dụng
cũ_kỹ,cũ nát
cũ_kỹ,cũ rích
cũ_kỹ,cổ lỗ
cũ_kỹ,hết thời
cũ_kỹ,không hiện đại
cũ_kỹ,lạc hậu
cũ_kỹ,lỗi mốt
cũ_kỹ,lỗi thời
cũ_kỹ,quê mùa
cũ_kỹ,xưa cũ
cơ_sở_vật_chất,cơ sở hạ tầng
cơ_sở_vật_chất,facilities
cơ_sở_vật_chất,infrastructure
cơ_sở_vật_chất,tiện nghi
cơ_sở_vật_chất,trang thiết bị
cơ_sở_vật_chất,vật chất
cơ_sở_vật_chất_kém,cơ sở vật chất yếu
cơ_sở_vật_chất_kém,thiết bị tệ
cơ_sở_vật_chất_kém,trang bị không tốt
cơ_sở_vật_chất_kém,đồ dùng kém chất lượng
cơ_vật_chất,cơ sở
cơ_vật_chất,cơ sở vật chất
cơ_vật_chất,facilities
cơ_vật_chất,trang thiết bị
cơ_vật_chất,vật chất
cạnh_tranh,giá cạnh tranh
cạnh_tranh,giá hợp thị trường
cạnh_tranh,giá nổi bật
cạnh_tranh,giá tốt hơn
cảnh_quan,cảnh sắc
cảnh_quan,cảnh vật
cảnh_quan,khung cảnh
cảnh_quan,phong cảnh
cảnh_quan,view
cẩu_thả,bất cẩn
cẩu_thả,hời hợt
cẩu_thả,không cẩn thận
cẩu_thả,làm việc thiếu chỉn chu
cẩu_thả,làm ẩu
cẩu_thả,lơ đễnh
cẩu_thả,qua loa
cẩu_thả,sơ suất
cẩu_thả,sơ sài
cẩu_thả,vô ý
cử_nhân_viên_tặng_bánh,gửi nhân viên tặng bánh
cử_nhân_viên_tặng_bánh,nhân viên mang bánh tặng
cử_nhân_viên_tặng_bánh,phái nhân viên tặng quà
cử_nhân_viên_tặng_bánh,điều nhân viên mang bánh
dễ_chịu,dễ dàng
dễ_chịu,dễ gần
dễ_chịu,dễ hòa đồng
dễ_chịu,dễ sử dụng
dễ_chịu,dễ thích nghi
dễ_chịu,dễ tiếp cận
dễ_chịu,hài lòng
dễ_chịu,không khó chịu
dễ_chịu,không phức tạp
dễ_chịu,không rắc rối
dễ_chịu,thoái mái
dễ_chịu,thoải mái
dễ_chịu,thích thú
dễ_dàng,không khó
dễ_dàng,thuận tiện
dễ_dàng,tiện lợi
dễ_dàng,đơn giản
dễ_kết_nối,dễ truy cập
dễ_kết_nối,không khó kết nối
dễ_kết_nối,kết nối nhanh
dễ_kết_nối,kết nối đơn giản
dễ_thương,duyên dáng
dễ_thương,dễ cảm
dễ_thương,dễ gần
dễ_thương,dễ mến
dễ_thương,dịu dàng
dễ_thương,ngộ nghĩnh
dễ_thương,thân thiện
dễ_thương,vui tính
dễ_thương,đáng mến
dễ_thương,đáng yêu
dễ_tìm,dễ nhận ra
dễ_tìm,dễ phát hiện
dễ_tìm,dễ thấy
dễ_tìm,dễ xác định
dễ_đi_lại,dễ lưu thông
dễ_đi_lại,không khó di chuyển
dễ_đi_lại,thuận tiện di chuyển
dễ_đi_lại,tiện đi lại
dịch_vụ,chăm sóc khách hàng
dịch_vụ,công tác phục vụ
dịch_vụ,công việc phục vụ
dịch_vụ,hoạt động kinh doanh
dịch_vụ,hoạt động phục vụ
dịch_vụ,phục vụ
dịch_vụ,service
dịch_vụ,sự cung cấp
dịch_vụ,sự giúp đỡ
dịch_vụ,sự phục vụ
dịch_vụ,sự tiếp đón
dịch_vụ,tiện nghi cung cấp
dịch_vụ,tiện ích
dịch_vụ,tiện ích phục vụ
dịch_vụ_phòng,dịch vụ tại phòng
dịch_vụ_phòng,gọi đồ ăn tại phòng
dịch_vụ_phòng,phục vụ phòng
dịch_vụ_phòng,phục vụ tại phòng
dịch_vụ_phòng,room service
dột,bị dột
dột,lỗ hổng
dột,rỉ nước
dột,thấm nước
dột_nát,dột
dột_nát,hư hỏng
dột_nát,mục nát
dột_nát,nứt nẻ
dột_nát,rách nát
dột_nát,rỉ nước
dột_nát,thủng
dột_nát,tồi tàn
dột_nát,xiêu vẹo
dột_nát,xập xệ
dở,không ngon
dở,kém vị
dở,thất bại
dở,tệ
dụng_cụ_mới,dụng cụ hiện đại
dụng_cụ_mới,máy móc mới
dụng_cụ_mới,thiết bị mới
dụng_cụ_mới,đồ dùng mới
f&b,food and beverage
f&b,nhà hàng
f&b,đồ ăn thức uống
f&b,ẩm thực
gian_lận,không minh bạch
gian_lận,lừa đảo
gian_lận,thiếu trung thực
gian_lận,đánh lừa giá
giá,chi phí
giá,giá cả
giá,giá tiền
giá,price
giá,rates
giá_cao,cao giá
giá_cao,mắc
giá_cao,tốn kém
giá_cao,đắt
giá_cả,chi phí
giá_cả,giá tiền
giá_cả,mức giá
giá_cả,phí
giá_cả,price
giá_cả,rates
giá_giảm,giá khuyến mãi
giá_giảm,giá thấp hơn
giá_giảm,giá ưu đãi
giá_giảm,giảm chi phí
giá_hợp_lý,giá cân đối
giá_hợp_lý,giá phải chăng
giá_hợp_lý,giá thích hợp
giá_hợp_lý,giá vừa phải
giá_tốt,giá hấp dẫn
giá_tốt,giá hợp lý
giá_tốt,giá phải chăng
giá_tốt,giá ưu đãi
giám_sát,kiểm soát
giám_sát,quan sát
giám_sát,theo dõi
giám_sát,trông coi
giám_sát_tốt,an ninh chặt chẽ
giám_sát_tốt,kiểm soát tốt
giám_sát_tốt,quản lý tốt
giám_sát_tốt,theo dõi kỹ
giúp_đỡ,giúp sức
giúp_đỡ,hỗ trợ
giúp_đỡ,phụ giúp
giúp_đỡ,phục vụ tận tình
giúp_đỡ,tiếp sức
giúp_đỡ,tiếp tay
giúp_đỡ,trợ giúp
giúp_đỡ,trợ lực
giúp_đỡ,tương trợ
giúp_đỡ,tương tác
giảm_giá,giá thấp hơn
giảm_giá,giảm chi phí
giảm_giá,khuyến mãi
giảm_giá,ưu đãi giá
giảm_giá,giảm
giật,không mượt
giật,không ổn định
giật,lag
giật,ngắt quãng
giữ_tiền_cọc,chiếm đoạt tiền cọc
giữ_tiền_cọc,không chịu trả lại tiền đặt cọc
giữ_tiền_cọc,không hoàn cọc
giữ_tiền_cọc,không hoàn trả tiền cọc
giữ_tiền_cọc,không trả lại tiền đặt cọc
giữ_tiền_cọc,không trả tiền cọc
giữ_tiền_cọc,lật lọng tiền cọc
giữ_tiền_cọc,lừa tiền cọc
giữ_tiền_cọc,ăn tiền cọc
giữ_tiền_cọc,đưa ra lý do giữ tiền cọc
gần,cận kề
gần,không xa
gần,lân cận
gần,sát
gần_biển,cận biển
gần_biển,kề biển
gần_biển,sát biển
gần_biển,ven biển
gần_cửa,cận cửa
gần_cửa,gần lối vào
gần_cửa,kề cửa
gần_cửa,sát cửa
hiện_đại,cập nhật
hiện_đại,không lỗi thời
hiện_đại,mới mẻ
hiện_đại,theo xu hướng
hiện_đại,thời thượng
hiện_đại,tiên tiến
hiện_đại,tân thời
hiện_đại,tân tiến
hiện_đại,tối tân
hiện_đại,đương đại
hiệu_quả,hữu hiệu
hiệu_quả,năng suất
hiệu_quả,tốt
hiệu_quả,đạt kết quả
hoi_mat_thoi_gian,chậm trễ
hoi_mat_thoi_gian,kéo dài
hoi_mat_thoi_gian,mất thời gian
hoi_mat_thoi_gian,trì hoãn
hoàn_hảo,hoàn chỉnh
hoàn_hảo,không chê vào đâu được
hoàn_hảo,không có lỗi
hoàn_hảo,không tì vết
hoàn_hảo,toàn vẹn
hoàn_hảo,trọn vẹn
hoàn_hảo,tuyệt hảo
hoàn_hảo,tuyệt vời
hoàn_hảo,vẹn toàn
hoàn_hảo,xuất sắc
hung_hăng,cục cằn
hung_hăng,dữ dội
hung_hăng,dữ tợn
hung_hăng,gây hấn
hung_hăng,hiếu chiến
hung_hăng,hung bạo
hung_hăng,hung dữ
hung_hăng,hung hãn
hung_hăng,hung hổ
hung_hăng,hung tợn
hung_hăng,hùng hổ
hung_hăng,nóng nảy
hung_hăng,thô bạo
hơi_lâu,chậm
hơi_lâu,dài dòng
hơi_lâu,khá lâu
hơi_lâu,không nhanh
hơi_ít_món,hạn chế thực đơn
hơi_ít_món,không nhiều món
hơi_ít_món,thiếu món
hơi_ít_món,ít lựa chọn
hơi_ít_và_không_phong_phú,hạn chế món
hơi_ít_và_không_phong_phú,không đủ phong phú
hơi_ít_và_không_phong_phú,thiếu đa dạng
hơi_ít_và_không_phong_phú,ít món và đơn điệu
hư_hỏng,bị hỏng
hư_hỏng,không hoạt động
hư_hỏng,lỗi kỹ thuật
hư_hỏng,sự cố
hương_thơm,hương dễ chịu
hương_thơm,mùi thơm
hương_thơm,thơm ngát
hương_thơm,thơm tho
hướng_nắng,chịu nắng
hướng_nắng,hứng nắng
hướng_nắng,nhiều nắng
hướng_nắng,nắng chiếu vào
hướng_nắng,nắng rọi thẳng
hướng_nắng,phía có nắng
hướng_nắng,phơi nắng
hướng_nắng,tiếp xúc nhiều nắng
hướng_nắng,ánh nắng trực tiếp
hướng_nắng,đón nắng
hạn_chế,bị giới hạn
hạn_chế,có mức giới hạn
hạn_chế,có ít lựa chọn
hạn_chế,giới hạn
hạn_chế,không phong phú
hạn_chế,không toàn diện
hạn_chế,không trọn vẹn
hạn_chế,không đa dạng
hạn_chế,không đầy đủ
hạn_chế,không đủ
hạn_chế,thiếu lựa chọn
hạn_chế,thiếu sót
hạn_chế,ít
hấp_dẫn,lôi cuốn
hấp_dẫn,mời gọi
hấp_dẫn,quyến rũ
hấp_dẫn,thú vị
hẹp,bé
hẹp,bí bách
hẹp,bị bó
hẹp,bị gò
hẹp,chật
hẹp,chật chội
hẹp,chật hẹp
hẹp,chật ních
hẹp,hạn chế
hẹp,không rộng
hẹp,nhỏ
hẹp,thiếu không gian
hẻo_lánh,cô lập
hẻo_lánh,hoang vu
hẻo_lánh,vắng vẻ
hẻo_lánh,xa xôi
hỏi_thăm_gia_đình,chăm sóc khách hàng
hỏi_thăm_gia_đình,hỏi thăm người thân
hỏi_thăm_gia_đình,quan tâm gia đình
hỏi_thăm_gia_đình,thăm hỏi gia đình
hỏng,bị hư
hỏng,bị hỏng
hỏng,bị lỗi
hỏng,bị vỡ
hỏng,hư hỏng
hỏng,không còn tốt
hỏng,không dùng được
hỏng,không hoạt động
hỏng,lỗi kỹ thuật
hỏng,mất chức năng
hỏng,sự cố
hỏng,trục trặc
hồ_bơi,bể
hồ_bơi,bể bơi
hồ_bơi,bể bơi lội
hồ_bơi,bể tắm
hồ_bơi,hồ nước bơi
hồ_bơi,khu vực bơi
hồ_bơi,pool
hồ_bơi,swimming pool
hồ_bơi_nhỏ,bể bơi bé
hồ_bơi_nhỏ,bể bơi nhỏ
hồ_bơi_nhỏ,hồ bơi chật
hồ_bơi_nhỏ,hồ bơi hạn chế
hợp_lý,cân đối
hợp_lý,phải chăng
hợp_lý,thích hợp
hợp_lý,vừa phải
hợp_túi_tiền,kinh tế
hợp_túi_tiền,phù hợp tài chính
hợp_túi_tiền,tiết kiệm
hợp_túi_tiền,vừa túi tiền
internet,kết nối mạng
internet,mạng
internet,mạng không dây
internet,wifi
internet,đường truyền
kha_nhieu_thuc_an,nhiều đồ ăn
kha_nhieu_thuc_an,thực phẩm phong phú
kha_nhieu_thuc_an,đầy đủ thức ăn
kha_nhieu_thuc_an,đủ món ăn
khinh_thường,coi khinh
khinh_thường,coi thường
khinh_thường,có thái độ khinh người
khinh_thường,khinh bỉ
khinh_thường,khinh miệt
khinh_thường,khinh rẻ
khinh_thường,không tôn trọng
khinh_thường,miệt thị
khinh_thường,xem thường
khinh_thường,ăn nói kiểu trên trời
khu_phức_tạp,khu hỗn độn
khu_phức_tạp,khu lộn xộn
khu_phức_tạp,khu phức tạp
khu_phức_tạp,khu rắc rối
khách_sạn,chỗ nghỉ
khách_sạn,chỗ ở
khách_sạn,hotel
khách_sạn,nơi lưu trú
khách_sạn,nơi nghỉ
khó_chịu,bẳn gắt
khó_chịu,bực bội
khó_chịu,cau có
khó_chịu,cáu kỉnh
khó_chịu,gắt gỏng
khó_chịu,khó tính
khó_chịu,khó ở
khó_chịu,không dễ chịu
khó_chịu,không thoải mái
khó_chịu,không thỏa mái
khó_chịu,không vui
khó_chịu,ngứa mắt
khó_chịu,phiền lòng
khó_khăn,bất tiện
khó_khăn,khó sử dụng
khó_khăn,không dễ
khó_khăn,không dễ dàng
khó_khăn,không suôn sẻ
khó_khăn,không thuận lợi
khó_khăn,không thuận tiện
khó_khăn,nhiều trở ngại
khó_khăn,phiền hà
khó_khăn,phiền phức
khó_khăn,phức tạp
khó_khăn,rắc rối
khó_kết_nối,khó truy cập
khó_kết_nối,không dễ kết nối
khó_kết_nối,kết nối khó
khó_kết_nối,kết nối phức tạp
khó_tìm,khó nhận ra
khó_tìm,khó phát hiện
khó_tìm,khó thấy
khó_tìm,khó xác định
khó_đi_lại,bất tiện di chuyển
khó_đi_lại,khó khăn giao thông
khó_đi_lại,khó lưu thông
khó_đi_lại,không dễ đi
khô_héo,héo úa
khô_héo,khô cằn
khô_héo,khô khốc
khô_héo,tàn lụi
khôn_chín,chín không kỹ
khôn_chín,chưa chín
khôn_chín,không chín đều
khôn_chín,sống
không_an_toàn,bất an
không_an_toàn,không chắc chắn
không_an_toàn,nguy hiểm
không_an_toàn,thiếu bảo đảm
không_chuyên,không chuẩn
không_chuyên,không thành thạo
không_chuyên,không đúng chuẩn
không_chuyên,nghiệp dư
không_chuyên,thiếu chuyên nghiệp
không_chuyên,thiếu kỹ năng
không_chuyên_nghiệp,chưa đủ trình độ
không_chuyên_nghiệp,không thành thạo
không_chuyên_nghiệp,không đúng chuẩn
không_chuyên_nghiệp,không đúng quy trình
không_chuyên_nghiệp,làm việc không chuẩn mực
không_chuyên_nghiệp,nghiệp dư
không_chuyên_nghiệp,thiếu chuyên nghiệp
không_chuyên_nghiệp,thiếu kinh nghiệm
không_chuyên_nghiệp,thiếu kỹ năng
không_chuyên_nghiệp,thiếu nghiêm túc
không_chăm_sóc,bỏ bê
không_chăm_sóc,không bảo dưỡng
không_chăm_sóc,lơ là
không_chăm_sóc,thiếu chăm chút
không_chịu,không cho
không_chịu,không chấp nhận
không_chịu,không chịu hợp tác
không_chịu,không làm
không_chịu,không muốn
không_chịu,không phối hợp
không_chịu,không thực hiện
không_chịu,không tiếp nhận
không_chịu,không đồng ý
không_chịu,từ chối
không_có_cứu_hộ,bỏ trống cứu hộ
không_có_cứu_hộ,không có nhân viên cứu hộ
không_có_cứu_hộ,không hỗ trợ cứu hộ
không_có_cứu_hộ,thiếu cứu hộ
không_có_ghế_dài,không có chỗ nằm
không_có_ghế_dài,không đủ ghế
không_có_ghế_dài,thiếu chỗ nghỉ
không_có_ghế_dài,thiếu ghế dài
không_có_nước_nóng,không nước ấm
không_có_nước_nóng,không đủ nhiệt
không_có_nước_nóng,nước lạnh
không_có_nước_nóng,thiếu nước nóng
không_gian,area
không_gian,diện tích
không_gian,không gian chung
không_gian,không gian sinh hoạt
không_gian,không gian sống
không_gian_chung,common area
không_gian_chung,khu vực chung
không_gian_chung,lobby
không_gian_chung,phòng chung
không_gian_chung,shared space
không_gian_chật,không gian bí
không_gian_chật,không gian hạn chế
không_gian_chật,không gian hẹp
không_gian_chật,không gian nhỏ
không_gian_hẹp,không gian bí
không_gian_hẹp,không gian chật
không_gian_hẹp,không gian hạn chế
không_gian_hẹp,không gian nhỏ
không_gian_thoáng,không gian không bí
không_gian_thoáng,không gian mát mẻ
không_gian_thoáng,không gian rộng rãi
không_gian_thoáng,không gian thông thoáng
không_gian_đẹp,không gian hấp dẫn
không_gian_đẹp,không gian lộng lẫy
không_gian_đẹp,không gian mỹ miều
không_gian_đẹp,không gian xinh
không_giật,không lag
không_giật,mượt mà
không_giật,trơn tru
không_giật,ổn định
không_hiện_đại,cũ kỹ
không_hiện_đại,không tiên tiến
không_hiện_đại,lạc hậu
không_hiện_đại,lỗi thời
không_hợp_lý,không cân đối
không_hợp_lý,không phải chăng
không_hợp_lý,quá cao
không_hợp_lý,vô lý
không_khí_nặng_nề,không khí bí
không_khí_nặng_nề,không khí khó chịu
không_khí_nặng_nề,không khí ngột ngạt
không_khí_nặng_nề,không khí ô nhiễm
không_kết_nối,không liên kết
không_kết_nối,không vào mạng
không_kết_nối,mất kết nối
không_kết_nối,ngắt kết nối
không_mát,không mát mẻ
không_mát,nóng
không_mát,oi bức
không_mát,thiếu mát
không_mùi,không có mùi
không_mùi,không mùi khó chịu
không_mùi,sạch mùi
không_mùi,vô mùi
không_ngon,dở
không_ngon,khó ăn
không_ngon,mất vị
không_ngon,nhạt nhẽo
không_nhiệt_tình,không chu đáo
không_nhiệt_tình,không chú tâm
không_nhiệt_tình,không hăng hái
không_nhiệt_tình,không hết lòng
không_nhiệt_tình,không nỗ lực
không_nhiệt_tình,không sốt sắng
không_nhiệt_tình,không tận tâm
không_nhiệt_tình,làm chiếu lệ
không_nhiệt_tình,làm qua loa
không_nhiệt_tình,lười biếng
không_nhiệt_tình,lạnh nhạt
không_nhiệt_tình,thiếu tận tình
không_nhiệt_tình,thờ ơ
không_nhiệt_tình,uể oải
không_như_mong_đợi,dưới mức mong đợi
không_như_mong_đợi,không thỏa mãn
không_như_mong_đợi,không đạt kỳ vọng
không_như_mong_đợi,thất vọng
không_phong_phú,hạn chế món
không_phong_phú,thiếu đa dạng
không_phong_phú,ít loại
không_phong_phú,ít lựa chọn
không_phủ_sóng,không có sóng
không_phủ_sóng,không tới sóng
không_phủ_sóng,mất tín hiệu
không_phủ_sóng,thiếu sóng
không_sạch,dơ bẩn
không_sạch,không vệ sinh
không_sạch,lem luốc
không_sạch,ô uế
không_thoải_mái,bực bội
không_thoải_mái,gò bó
không_thoải_mái,khó chịu
không_thoải_mái,không dễ chịu
không_thuận_tiện,bất tiện
không_thuận_tiện,khó khăn
không_thuận_tiện,không dễ dàng
không_thuận_tiện,không phù hợp
không_thân_thiện,khó gần
không_thân_thiện,không cởi mở
không_thân_thiện,không gần gũi
không_thân_thiện,không hòa đồng
không_thân_thiện,không niềm nở
không_thân_thiện,không thân mật
không_thân_thiện,kém thân thiện
không_thân_thiện,lạnh lùng
không_thân_thiện,thiếu thân thiện
không_thân_thiện,xa cách
không_tin_được,bất tín
không_tin_được,không đáng tin
không_tin_được,không đáng tin cậy
không_tin_được,thiếu uy tín
không_xứng_đáng,không hợp chi phí
không_xứng_đáng,không tương xứng
không_xứng_đáng,không đáng giá
không_xứng_đáng,lãng phí tiền
không_đa_dạng,không phong phú
không_đa_dạng,thiếu đa dạng
không_đa_dạng,ít loại
không_đa_dạng,đơn điệu
không_điều_chỉnh_được,cố định
không_điều_chỉnh_được,không chỉnh được
không_điều_chỉnh_được,không linh hoạt
không_điều_chỉnh_được,không tùy chỉnh
không_đáng_đồng_tiền,không xứng giá
không_đáng_đồng_tiền,không đáng trả
không_đáng_đồng_tiền,lãng phí
không_đáng_đồng_tiền,thiệt thòi
không_đúng_giờ,chậm trễ
không_đúng_giờ,không kịp giờ
không_đúng_giờ,không đúng hẹn
không_đúng_giờ,trễ giờ
không_đầy_đủ,chưa hoàn chỉnh
không_đầy_đủ,còn thiếu
không_đầy_đủ,không đủ
không_đầy_đủ,thiếu thốn
không_ồn,không tiếng ồn
không_ồn,tĩnh lặng
không_ồn,yên lặng
không_ồn,êm ái
không_ổn_định,bất ổn
không_ổn_định,chập chờn
không_ổn_định,dao động
không_ổn_định,không chắc chắn
khắp_phòng,cả phòng
khắp_phòng,mọi nơi trong phòng
khắp_phòng,phủ sóng khắp
khắp_phòng,toàn phòng
kém,chưa đủ tiêu chuẩn
kém,dưới chuẩn
kém,dưới mức
kém,dở
kém,không tốt
kém,không đáng kể
kém,không đáp ứng
kém,không đạt
kém,không đạt yêu cầu
kém,không đủ
kém,không đủ khả năng
kém,thiếu sót
kém,thấp
kém,thấp kém
kém,tệ
kém,yếu
kém_chất_lượng,chất lượng không đảm bảo
kém_chất_lượng,chất lượng kém
kém_chất_lượng,chất lượng thấp
kém_chất_lượng,dưới mức trung bình
kém_chất_lượng,dở
kém_chất_lượng,không chất lượng
kém_chất_lượng,không tốt
kém_chất_lượng,không đáp ứng yêu cầu
kém_chất_lượng,không đạt chuẩn
kém_chất_lượng,không đạt tiêu chuẩn
kém_chất_lượng,không đảm bảo
kém_chất_lượng,thấp kém
kém_chất_lượng,tệ
kém_chất_lượng,yếu
kỳ_nghỉ,chuyến đi
kỳ_nghỉ,holiday
kỳ_nghỉ,nghỉ dưỡng
kỳ_nghỉ,trải nghiệm
kỳ_nghỉ,vacation
linh_hoạt,biến hóa
linh_hoạt,biết uyển chuyển
linh_hoạt,dễ dàng thay đổi
linh_hoạt,dễ thích nghi
linh_hoạt,dễ điều chỉnh
linh_hoạt,không cứng nhắc
linh_hoạt,mềm dẻo
linh_hoạt,năng động
linh_hoạt,thích nghi tốt
linh_hoạt,đa dạng
liên_tục,bền bỉ
liên_tục,không gián đoạn
liên_tục,không ngắt
liên_tục,suốt
lơ_là,bất cẩn
lơ_là,bỏ bê
lơ_là,cẩu thả
lơ_là,hời hợt
lơ_là,không chú ý
lơ_là,không quan tâm
lơ_là,không tập trung
lơ_là,không để ý
lơ_là,lơ đễnh
lơ_là,sơ sài
lơ_là,thiếu quan tâm
lơ_là,thờ ơ
lơ_là,vô ý
lơ_là,xao nhãng
lạnh,không ấm
lạnh,lạnh buốt
lạnh,lạnh giá
lạnh,nguội lạnh
lạnh_nhạt,hờ hững
lạnh_nhạt,khô khan
lạnh_nhạt,không gần gũi
lạnh_nhạt,không thân thiết
lạnh_nhạt,không thân thiện
lạnh_nhạt,lãnh đạm
lạnh_nhạt,lạnh lùng
lạnh_nhạt,thờ ơ
lạnh_nhạt,xa cách
lạnh_nhạt,xa lánh
lịch_sự,lễ phép
lịch_sự,lễ độ
lịch_sự,nhã nhặn
lịch_sự,nhã nhẹn
lịch_sự,tao nhã
lịch_sự,thanh lịch
lịch_sự,thanh nhã
lịch_sự,văn hóa
lịch_sự,văn minh
lịch_sự,đúng mực
lừa_đảo,gian lận
lừa_đảo,không trung thực
lừa_đảo,mạo danh giá
lừa_đảo,đánh lừa
miễn_phí,không tính phí
miễn_phí,không tốn phí
miễn_phí,miễn tiền
miễn_phí,tặng miễn phí
mát,dịu mát
mát,không nóng
mát,mát mẻ
mát,thoáng mát
mát_mẻ,dịu mát
mát_mẻ,không nóng
mát_mẻ,mát lành
mát_mẻ,thoáng mát
máy_móc_hỏng,dụng cụ hư
máy_móc_hỏng,máy bị lỗi
máy_móc_hỏng,máy không hoạt động
máy_móc_hỏng,thiết bị hỏng
mùi_khó_chịu,mùi gây khó chịu
mùi_khó_chịu,mùi hôi
mùi_khó_chịu,mùi hắc
mùi_khó_chịu,mùi không dễ chịu
mạnh,cường độ cao
mạnh,không yếu
mạnh,sóng mạnh
mạnh,tốt
mất_kết_nối,không liên kết
mất_kết_nối,không vào mạng
mất_kết_nối,mất mạng
mất_kết_nối,ngắt kết nối
mất_phí,có phí
mất_phí,không miễn phí
mất_phí,trả tiền
mất_phí,tính phí
mất_phíj,không miễn phí
mất_vệ_sinh,bừa bộn
mất_vệ_sinh,dơ bẩn
mất_vệ_sinh,không vệ sinh
mất_vệ_sinh,ô nhiễm
mắc,giá cao
mắc,không rẻ
mắc,tốn kém
mắc,đắt
mốc,bị mốc
mốc,có nấm mốc
mốc,hỏng mốc
mốc,ẩm mốc
mới,chưa cũ
mới,hiện đại
mới,mới mẻ
mới,mới tinh
mới,mới toanh
mới,sạch mới
mới,tân
mới,tân trang
mới,tươi mới
mới,vừa có
mới,vừa xây
ngay_khu_trung_tâm,giữa trung tâm
ngay_khu_trung_tâm,tâm khu vực
ngay_khu_trung_tâm,tại trung tâm
ngay_khu_trung_tâm,ở khu chính
nghèo_nàn,hạn chế
nghèo_nàn,khan hiếm
nghèo_nàn,thiếu thốn
nghèo_nàn,ít ỏi
ngon,hấp dẫn
ngon,thơm ngon
ngon,tuyệt vời
ngon,đậm đà
ngon_miệng,hấp dẫn
ngon_miệng,thơm ngon
ngon_miệng,tuyệt vời
ngon_miệng,đậm đà
nguy_hiểm,bất an
nguy_hiểm,không an toàn
nguy_hiểm,rủi ro
nguy_hiểm,đáng ngại
nguội,không nóng
nguội,lạnh
nguội,mất nhiệt
nguội,nguội lạnh
ngán,dở tệ
ngán,không thú vị
ngán,nhàm chán
ngán,thiếu hấp dẫn
nhanh,không chậm
nhanh,lập tức
nhanh,lẹ
nhanh,mau
nhanh,mau chóng
nhanh,mau lẹ
nhanh,nhanh chóng
nhanh,nhanh lẹ
nhanh,tốc độ cao
nhanh,tức thì
nhanh,tức tốc
nhanh,vội vàng
nhanh_nhẹn,hoạt bát
nhanh_nhẹn,lanh lẹ
nhanh_nhẹn,linh hoạt
nhanh_nhẹn,lẹ làng
nhanh_nhẹn,mau lẹ
nhanh_nhẹn,nhanh chân
nhanh_nhẹn,nhanh chóng
nhanh_nhẹn,nhanh nhạy
nhanh_nhẹn,nhanh nhẹn
nhanh_nhẹn,nhanh tay
nhanh_nhẹn,nhanh trí
nhanh_nhẹn,năng động
nhanh_nhẹn,phản ứng nhanh
nhanh_nhẹn,tháo vát
nhiều,dồi dào
nhiều,không ít
nhiều,thừa thãi
nhiều,đầy đủ
nhiều_chỗ_ngồi,chỗ ngồi thoải mái
nhiều_chỗ_ngồi,có nhiều chỗ ngồi
nhiều_chỗ_ngồi,đầy đủ ghế
nhiều_chỗ_ngồi,đủ chỗ nghỉ
nhiều_cây,có nhiều cây xanh
nhiều_cây,rậm cây
nhiều_cây,rừng cây
nhiều_cây,đầy cây
nhiều_lựa_chọn,nhiều món
nhiều_lựa_chọn,phong phú lựa chọn
nhiều_lựa_chọn,đa dạng lựa chọn
nhiều_lựa_chọn,đủ lựa chọn
nhiều_máy_móc,có nhiều thiết bị
nhiều_máy_móc,máy móc phong phú
nhiều_máy_móc,đầy máy móc
nhiều_máy_móc,đủ loại máy
nhiệt_tình,chu đáo
nhiệt_tình,chăm chỉ
nhiệt_tình,hăng hái
nhiệt_tình,hăng say
nhiệt_tình,hết lòng
nhiệt_tình,không ngại khó
nhiệt_tình,nhiệt huyết
nhiệt_tình,năng nổ
nhiệt_tình,siêng năng
nhiệt_tình,sẵn sàng
nhiệt_tình,sốt sắng
nhiệt_tình,tích cực
nhiệt_tình,tận tâm
nhiệt_tình,tận tình
nhiệt_tình,tận tụy
nhà_hàng,dining
nhà_hàng,food court
nhà_hàng,phòng ăn
nhà_hàng,quán ăn
nhà_hàng,restaurant
nhà_vệ_sinh,nhà tắm
nhà_vệ_sinh,phòng tắm
nhà_vệ_sinh,restroom
nhà_vệ_sinh,toilet
nhà_vệ_sinh,wc
nhàm_chán,chán
nhàm_chán,không thú vị
nhàm_chán,thiếu hấp dẫn
nhàm_chán,đơn điệu
nhân_viên,lễ tân
nhân_viên,người giúp việc
nhân_viên,người làm
nhân_viên,người làm công
nhân_viên,người làm việc
nhân_viên,người phục vụ
nhân_viên,người phục vụ khách hàng
nhân_viên,người tiếp đón
nhân_viên,nhân công
nhân_viên,nhân lực
nhân_viên,nhân sự
nhân_viên,reception
nhân_viên,staff
nhân_viên,tiếp tân
nhân_viên_không_chuyên,nhân viên không chuẩn
nhân_viên_không_chuyên,nhân viên không thành thạo
nhân_viên_không_chuyên,nhân viên nghiệp dư
nhân_viên_không_chuyên,nhân viên thiếu kỹ năng
nhân_viên_tốt,nhân viên chu đáo
nhân_viên_tốt,nhân viên chất lượng
nhân_viên_tốt,nhân viên giỏi
nhân_viên_tốt,nhân viên tận tâm
nhạt,không hấp dẫn
nhạt,mất vị
nhạt,nhạt nhẽo
nhạt,thiếu đậm đà
niềm_nở,chân tình
niềm_nở,hồ hởi
niềm_nở,nhiệt thành
niềm_nở,nồng hậu
niềm_nở,nồng nhiệt
niềm_nở,thân thiết
niềm_nở,tận tình
niềm_nở,ân cần
niềm_nở,ân tình
niềm_nở,ấm áp
nóng,hấp nóng
nóng,hầm
nóng,khó chịu
nóng,khó thở
nóng,không mát
nóng,nhiệt độ cao
nóng,nóng bức
nóng,nóng hầm hập
nóng,nóng hổi
nóng,nóng nực
nóng,oi
nóng,oi bức
nóng,oi nóng
nóng,oi ả
nóng,vừa nấu xong
nóng,ấm nóng
nóng_sốt,hấp nóng
nóng_sốt,nóng hổi
nóng_sốt,vừa nấu xong
nóng_sốt,ấm nóng
nước_nóng,nước nhiệt độ cao
nước_nóng,nước nóng tốt
nước_nóng,nước đủ ấm
nước_nóng,nước ấm
ok,bình thường
ok,chấp nhận được
ok,không vấn đề
ok,phù hợp
ok,thỏa mãn
ok,thỏa đáng
ok,tạm được
ok,tốt
ok,được
ok,đạt chuẩn
ok,đạt yêu cầu
ok,đủ tiêu chuẩn
ok,ổn
phong_cảnh,cảnh quan
phong_cảnh,cảnh vật
phong_cảnh,khung cảnh
phong_cảnh,quang cảnh
phong_phú,nhiều loại
phong_phú,phong phú món
phong_phú,đa dạng
phong_phú,đầy đủ món
phòng,buồng
phòng,chốn
phòng,chỗ nghỉ
phòng,chỗ ở
phòng,căn phòng
phòng,gian phòng
phòng,khoang
phòng,không gian
phòng,nơi ở
phòng,phòng ngủ
phòng,phòng ốc
phòng,phòng ở
phòng_gym,khu vực tập luyện
phòng_gym,phòng thể hình
phòng_gym,phòng tập gym
phòng_gym,phòng tập thể dục
phòng_tập,fitness center
phòng_tập,gym
phòng_tập,phòng gym
phòng_tập,phòng tập gym
phòng_tập,phòng tập thể dục
phải_chăng,cân đối giá
phải_chăng,hợp lý
phải_chăng,không quá cao
phải_chăng,vừa túi tiền
phục_vụ,chăm sóc
phục_vụ,dịch vụ
phục_vụ,người phục vụ
phục_vụ,phục vụ khách
phục_vụ,service
phục_vụ_không_tốt,chăm sóc tệ
phục_vụ_không_tốt,dịch vụ kém
phục_vụ_không_tốt,hỗ trợ yếu
phục_vụ_không_tốt,không tận tình
phục_vụ_kém,phục vụ dưới mức
phục_vụ_kém,phục vụ không chu đáo
phục_vụ_kém,phục vụ không tốt
phục_vụ_kém,phục vụ không đáng hài lòng
phục_vụ_kém,phục vụ không đạt chuẩn
phục_vụ_kém,phục vụ kém chất lượng
phục_vụ_kém,phục vụ qua loa
phục_vụ_kém,phục vụ thiếu chuyên nghiệp
phục_vụ_kém,phục vụ thiếu nhiệt tình
phục_vụ_kém,phục vụ tệ
phục_vụ_tốt,chăm sóc tốt
phục_vụ_tốt,dịch vụ tốt
phục_vụ_tốt,hỗ trợ tốt
phục_vụ_tốt,tận tình
quá_cao,cao bất hợp lý
quá_cao,giá ngất ngưởng
quá_cao,không hợp túi tiền
quá_cao,vượt mức
quá_đắt,giá trên trời
quá_đắt,không hợp lý
quá_đắt,đắt cắt cổ
quá_đắt,đắt quá mức
quản_lý,ban quản lý
quản_lý,management
quản_lý,người quản lý
quản_lý,người điều hành
quản_lý,điều hành
quầy_bar,bar
quầy_bar,khu bar
quầy_bar,khu vực bar
quầy_bar,quán bar
quầy_bar,quầy rượu
rườm_rà,cầu kỳ
rườm_rà,dài dòng
rườm_rà,không gọn gàng
rườm_rà,không đơn giản
rườm_rà,nhiều bước
rườm_rà,nhiều công đoạn
rườm_rà,nhiều thủ tục
rườm_rà,phiền phức
rườm_rà,phức tạp
rườm_rà,rắc rối
rất_tốt,hấp dẫn
rất_tốt,hợp túi tiền
rất_tốt,tuyệt vời
rất_tốt,ưu đãi
rẻ,giá thấp
rẻ,không đắt
rẻ,kinh tế
rẻ,tiết kiệm
rẻ_mà_kém,giá thấp chất lượng kém
rẻ_mà_kém,rẻ không tốt
rẻ_mà_kém,rẻ nhưng dở
rẻ_mà_kém,rẻ nhưng tệ
rộng,bao la
rộng,bát ngát
rộng,bề thế
rộng,khang trang
rộng,khoáng đạt
rộng,lớn
rộng,mênh mông
rộng,rộng lớn
rộng,rộng rãi
rộng,thoáng
rộng,thoáng đãng
rộng,thênh thang
rộng_mở,bao la
rộng_mở,không gian lớn
rộng_mở,mở rộng
rộng_mở,thoáng đãng
rộng_rãi,bao la
rộng_rãi,bát ngát
rộng_rãi,dễ chịu
rộng_rãi,khoáng đạt
rộng_rãi,không chật
rộng_rãi,không chật hẹp
rộng_rãi,lớn
rộng_rãi,rộng lớn
rộng_rãi,rộng mở
rộng_rãi,thoáng
rộng_rãi,thoáng đãng
rộng_rãi,thoải mái
rộng_rãi,thênh thang
rộng_rãi,trống trải
sang_trọng,cao cấp
sang_trọng,lịch lãm
sang_trọng,lộng lẫy
sang_trọng,quyền quý
sang_trọng,quý phái
sang_trọng,tao nhã
sang_trọng,thanh lịch
sang_trọng,trang nhã
sang_trọng,xa hoa
sang_trọng,đẳng cấp
spa,chăm sóc sức khỏe
spa,dịch vụ spa
spa,massage
spa,thư giãn
spa,xông hơi
sáng_sủa,chan hòa ánh sáng
sáng_sủa,không tối
sáng_sủa,nhiều nắng
sáng_sủa,nhiều ánh sáng
sáng_sủa,rực rỡ
sáng_sủa,sáng bừng
sáng_sủa,sáng rõ
sáng_sủa,tràn ngập ánh sáng
sáng_sủa,tràn đầy ánh sáng
sáng_sủa,tươi sáng
sáng_sủa,ánh sáng tốt
sáng_sủa,đầy ánh sáng
sáng_tạo,có ý tưởng mới
sáng_tạo,khéo léo
sáng_tạo,phát kiến
sáng_tạo,phát minh
sáng_tạo,sáng kiến
sáng_tạo,sáng suốt
sáng_tạo,tài hoa
sáng_tạo,đổi mới
sáng_tạo,độc đáo
sáng_tạo,đột phá
sâu,khá sâu
sâu,khó kiểm soát
sâu,quá sâu
sâu,sâu quá mức
sâu,sâu vừa phải
sâu,độ sâu nguy hiểm
sâu,độ sâu tốt
sâu,đủ sâu
sạch,gọn gàng
sạch,khiết
sạch,không bẩn
sạch,không bụi
sạch,không vết
sạch,sạch bóng
sạch,sạch sẽ
sạch,tinh khiết
sạch,tinh tươm
sạch,tươm tất
sạch,vệ sinh
sạch_sẽ,gọn gàng
sạch_sẽ,không bẩn
sạch_sẽ,không cáu bẩn
sạch_sẽ,lau chùi kỹ
sạch_sẽ,ngăn nắp
sạch_sẽ,sạch bóng
sạch_sẽ,sạch không bụi
sạch_sẽ,sạch tinh tươm
sạch_sẽ,thơm tho
sạch_sẽ,tinh tươm
sạch_sẽ,vệ sinh
sự_hiếu_khách,lòng hiếu khách
sự_hiếu_khách,sự chu đáo
sự_hiếu_khách,sự thân thiện
sự_hiếu_khách,sự đón tiếp nồng hậu
thiết_bị_cũ,máy móc cũ kỹ
thiết_bị_cũ,thiết bị đã qua sử dụng
thiết_bị_cũ,trang bị lạc hậu
thiết_bị_cũ,đồ dùng lỗi thời
thiết_kế_đẹp,bố trí đẹp
thiết_kế_đẹp,kiến trúc đẹp
thiết_kế_đẹp,thiết kế ấn tượng
thiết_kế_đẹp,trang trí hấp dẫn
thiếu,chưa đầy đủ
thiếu,không đủ
thiếu,thiếu sót
thiếu,thiếu thốn
thiếu_camera,không có camera
thiếu_camera,không có thiết bị theo dõi
thiếu_camera,không giám sát
thiếu_camera,thiếu hệ thống camera
thiếu_chuyên_nghiệp,chưa đủ trình độ
thiếu_chuyên_nghiệp,không chuyên
thiếu_chuyên_nghiệp,không chuẩn
thiếu_chuyên_nghiệp,không như quy định
thiếu_chuyên_nghiệp,không thành thạo
thiếu_chuyên_nghiệp,không đúng chuẩn
thiếu_chuyên_nghiệp,không đúng quy trình
thiếu_chuyên_nghiệp,làm việc không chuẩn mực
thiếu_chuyên_nghiệp,nghiệp dư
thiếu_chuyên_nghiệp,thiếu kinh nghiệm
thiếu_chuyên_nghiệp,thiếu kỹ năng
thiếu_chuyên_nghiệp,thiếu nghiêm túc
thiếu_chuyên_nghiệp,thiếu quy trình
thiếu_chỗ,chỗ đậu ít
thiếu_chỗ,hạn chế chỗ
thiếu_chỗ,không đủ chỗ
thiếu_chỗ,thiếu không gian
thiếu_chỗ_đậu_xe,hạn chế chỗ đậu
thiếu_chỗ_đậu_xe,không có chỗ đỗ
thiếu_chỗ_đậu_xe,không đủ chỗ đỗ
thiếu_chỗ_đậu_xe,thiếu bãi đậu xe
thiếu_ghế_ngồi,hạn chế chỗ ngồi
thiếu_ghế_ngồi,không đủ ghế
thiếu_ghế_ngồi,thiếu chỗ nghỉ
thiếu_ghế_ngồi,thiếu chỗ ngồi
thiếu_thiết_bị,hạn chế thiết bị
thiếu_thiết_bị,không đủ thiết bị
thiếu_thiết_bị,thiếu dụng cụ
thiếu_thiết_bị,thiếu máy móc
thiếu_tiện_nghi,hạn chế tiện ích
thiếu_tiện_nghi,không tiện lợi
thiếu_tiện_nghi,không trang bị đủ
thiếu_tiện_nghi,không đầy đủ
thiếu_tiện_nghi,không đủ tiện nghi
thiếu_tiện_nghi,kém tiện nghi
thiếu_tiện_nghi,sơ sài
thiếu_tiện_nghi,thiếu thốn
thiếu_tiện_nghi,thiếu thốn vật dụng
thiếu_tiện_nghi,thiếu tiện ích
thiếu_tiện_nghi,thiếu vật dụng
thiếu_tiện_nghi,thiếu đồ dùng
thoáng,khoan khoái
thoáng,không bí
thoáng,không gian mở
thoáng,không khí lưu thông
thoáng,mát mẻ
thoáng,rộng
thoáng,rộng rãi
thoáng,thoáng khí
thoáng,thoáng đãng
thoáng,thoáng đạt
thoáng,thông gió tốt
thoáng,thông hơi
thoáng,thông thoáng
thoáng_mát,khoan khoái
thoáng_mát,khí hậu dễ chịu
thoáng_mát,không khí lưu thông
thoáng_mát,mát dịu
thoáng_mát,mát lành
thoáng_mát,mát mẻ
thoáng_mát,mát rượi
thoáng_mát,thoáng khí
thoáng_mát,thoáng đãng
thoáng_mát,trong lành
thoải_mái,dễ chịu
thoải_mái,dễ dàng
thoải_mái,khoan khoái
thoải_mái,không gò bó
thoải_mái,thoải mái
thoải_mái,thoải tình
thoải_mái,thư giãn
thoải_mái,thư thái
thoải_mái,tự do
thoải_mái,tự nhiên
thoải_mái,tự tại
thoải_mái,ung dung
thuận_lợi,có lợi
thuận_lợi,dễ dàng
thuận_lợi,hanh thông
thuận_lợi,suôn sẻ
thuận_tiện,dễ dàng
thuận_tiện,phù hợp
thuận_tiện,thuận tay
thuận_tiện,tiện lợi
thân_thiện,cởi mở
thân_thiện,dễ gần
thân_thiện,gần gũi
thân_thiện,hòa nhã
thân_thiện,niềm nở
thân_thiện,thân mật
thân_thiện,thân thiết
thân_thiện,thân tình
thân_thiện,thân ái
thân_thiện,vui vẻ
thân_thiện,ân cần
thông_minh,khôn ngoan
thông_minh,lanh lợi
thông_minh,minh mẫn
thông_minh,nhanh trí
thông_minh,nhạy bén
thông_minh,sáng dạ
thông_minh,sáng trí
thông_minh,thông tuệ
thông_minh,tinh tường
thông_minh,trí tuệ cao
thú_vị,hay ho
thú_vị,hấp dẫn
thú_vị,lôi cuốn
thú_vị,độc đáo
thơm_ngon,hương vị tốt
thơm_ngon,ngon miệng
thơm_ngon,ngon tuyệt
thơm_ngon,thơm lừng
thư_giãn,bình yên
thư_giãn,dễ chịu
thư_giãn,thoải mái
thư_giãn,thư thái
thất_vọng,gây thất vọng
thất_vọng,khiến bực mình
thất_vọng,không hài lòng
thất_vọng,không như mong đợi
thất_vọng,không như ý
thất_vọng,không thỏa mãn
thất_vọng,không đáp ứng mong đợi
thất_vọng,không đạt kỳ vọng
thất_vọng,không đạt mong muốn
thất_vọng,làm thất vọng
thờ_ơ,bàng quan
thờ_ơ,dửng dưng
thờ_ơ,hờ hững
thờ_ơ,không mảy may quan tâm
thờ_ơ,không quan tâm
thờ_ơ,không để ý
thờ_ơ,lãnh đạm
thờ_ơ,lạnh lùng
thờ_ơ,thản nhiên
thờ_ơ,thờ ơ lãnh đạm
thờ_ơ,vô cảm
thờ_ơ,vô tâm
tiêu_chuẩn_cao_cấp,chuẩn sang trọng
tiêu_chuẩn_cao_cấp,chất lượng cao
tiêu_chuẩn_cao_cấp,hạng sang
tiêu_chuẩn_cao_cấp,đẳng cấp cao
tiết_kiệm,giảm chi phí
tiết_kiệm,không tốn kém
tiết_kiệm,kinh tế
tiết_kiệm,rẻ
tiết_kiệm_điện,giảm điện
tiết_kiệm_điện,hiệu quả điện
tiết_kiệm_điện,không hao điện
tiết_kiệm_điện,ít tốn điện
tiện_lợi,dễ dàng
tiện_lợi,dễ dùng
tiện_lợi,dễ sử dụng
tiện_lợi,hỗ trợ
tiện_lợi,phù hợp
tiện_lợi,thuận lợi
tiện_lợi,thuận tiện
tiện_lợi,thông dụng
tiện_lợi,tiện dụng
tiện_lợi,tiện ích
tiện_lợi,tạo thuận lợi
tiện_lợi,tạo điều kiện
tiện_nghi,amenities
tiện_nghi,cơ sở tiện nghi
tiện_nghi,facilities
tiện_nghi,hiện đại
tiện_nghi,thiết bị tiện ích
tiện_nghi,thoải mái
tiện_nghi,thuận lợi
tiện_nghi,tiện dụng
tiện_nghi,tiện lợi
tiện_nghi,tiện ích
tiện_nghi,trang bị tốt
tiện_nghi,trang bị đầy đủ
tiện_nghi,trang thiết bị
tiện_nghi,vật dụng
tiện_nghi,vật dụng hỗ trợ
tiện_nghi,đầy đủ
tiện_nghi,đầy đủ tiện ích
tiện_nghi,đầy đủ vật dụng
tiện_nghi,đồ dùng tiện lợi
tiện_nghi_thân_thiện,thiết bị gần gũi
tiện_nghi_thân_thiện,tiện ích dễ dùng
tiện_nghi_thân_thiện,vật dụng tiện lợi
tiện_nghi_thân_thiện,đồ dùng thân thiện
tiện_nghi_tốt,cơ sở tiện nghi tốt
tiện_nghi_tốt,thiết bị tiện ích
tiện_nghi_tốt,vật dụng hỗ trợ tốt
tiện_nghi_tốt,đồ dùng chất lượng
tiện_ích_bổ_sung,additional services
tiện_ích_bổ_sung,dịch vụ bổ sung
tiện_ích_bổ_sung,dịch vụ thêm
tiện_ích_bổ_sung,thêm dịch vụ
tiện_ích_bổ_sung,tiện ích
trang_bị_cơ_vật_chất_ấn_tượng,cơ sở vật chất nổi trội
trang_bị_cơ_vật_chất_ấn_tượng,thiết bị ấn tượng
trang_bị_cơ_vật_chất_ấn_tượng,trang bị bắt mắt
trang_bị_cơ_vật_chất_ấn_tượng,đồ dùng nổi bật
trang_bị_tốt,cơ sở vật chất ổn
trang_bị_tốt,thiết bị chất lượng
trang_bị_tốt,trang bị đầy đủ
trang_bị_tốt,đồ dùng tốt
trang_bị_ấn_tượng,cơ sở vật chất nổi trội
trang_bị_ấn_tượng,thiết bị nổi bật
trang_bị_ấn_tượng,trang bị bắt mắt
trang_bị_ấn_tượng,đồ dùng ấn tượng
trung_tâm,khu vực chính
trung_tâm,lõi thành phố
trung_tâm,tâm điểm
trung_tâm,vùng trung tâm
trải_nghiệm_chung,cảm nhận
trải_nghiệm_chung,experience
trải_nghiệm_chung,kỷ niệm
trải_nghiệm_chung,trải nghiệm
trải_nghiệm_chung,ấn tượng
trần_nhà_hư,trần bị hỏng
trần_nhà_hư,trần bị rạn nứt
trần_nhà_hư,trần nhà lỗi
trần_nhà_hư,trần nhà xuống cấp
trộm_cắp,bị trộm
trộm_cắp,lấy cắp
trộm_cắp,mất cắp
trộm_cắp,mất đồ
tuyệt_vời,hoàn hảo
tuyệt_vời,xuất sắc
tuyệt_vời,đỉnh cao
tuyệt_vời,ấn tượng
tươi,không cũ
tươi,mới mẻ
tươi,sạch tươi
tươi,tươi mới
tươi_ngon,mới và ngon
tươi_ngon,ngon tươi
tươi_ngon,tươi mới hấp dẫn
tươi_ngon,tươi và ngon
tươm_tất,gọn gàng
tươm_tất,ngăn nắp
tươm_tất,sạch sẽ
tươm_tất,đẹp mắt
tương_đối_tiện_nghi,hỗ trợ tương đối
tương_đối_tiện_nghi,khá tiện lợi
tương_đối_tiện_nghi,tiện ích vừa đủ
tương_đối_tiện_nghi,đủ tiện nghi
tường_mốc,tường bị mốc
tường_mốc,tường có nấm mốc
tường_mốc,tường xuống cấp
tường_mốc,tường ẩm mốc
tận_tâm,chu đáo
tận_tâm,có trách nhiệm
tận_tâm,hết lòng
tận_tâm,hết mình
tận_tâm,không nề hà
tận_tâm,nhiệt huyết
tận_tâm,nhiệt tình
tận_tâm,quan tâm
tận_tâm,trọn vẹn
tận_tâm,tận hiến
tận_tâm,tận lực
tận_tâm,tận tình
tận_tâm,tận tụy
tận_tình,chu đáo
tận_tình,hết lòng
tận_tình,nhiệt huyết
tận_tình,nhiệt thành
tận_tình,tươm tất
tận_tình,tận lực
tận_tình,tận tâm
tận_tình,tận tâm tận lực
tận_tình,tận tụy
tận_tình,ân cần
tắc_đường,bế tắc giao thông
tắc_đường,kẹt xe
tắc_đường,ách tắc
tắc_đường,ùn tắc
tặng_bánh_sinh_nhật,cho bánh sinh nhật
tặng_bánh_sinh_nhật,khuyến mãi bánh sinh nhật
tặng_bánh_sinh_nhật,quà bánh sinh nhật
tặng_bánh_sinh_nhật,tặng bánh mừng
tặng_quà_sinh_nhật,cho quà sinh nhật
tặng_quà_sinh_nhật,khuyến mãi quà sinh nhật
tặng_quà_sinh_nhật,quà mừng sinh nhật
tặng_quà_sinh_nhật,tặng phẩm sinh nhật
tệ,dưới chuẩn
tệ,không thỏa đáng
tệ,không tốt
tệ,không đáp ứng
tệ,không đạt
tệ,không đạt yêu cầu
tệ,không đủ tiêu chuẩn
tệ,kém
tệ,thấp kém
tệ,tồi
tốc_độ_cao,cao tốc
tốc_độ_cao,không chậm
tốc_độ_cao,nhanh
tốc_độ_cao,tốc độ tốt
tối,không đủ sáng
tối,không đủ ánh sáng
tối,mù mịt
tối,mờ mịt
tối,thiếu sáng
tối,thiếu ánh sáng
tối,tăm tối
tối,tối tăm
tối,tối đen
tối,u ám
tối,âm u
tốt,chất lượng
tốt,giỏi
tốt,hay
tốt,hiệu quả
tốt,hoàn hảo
tốt,hài lòng
tốt,hấp dẫn
tốt,hợp túi tiền
tốt,làm việc tốt
tốt,tuyệt
tốt,tuyệt vời
tốt,vượt mong đợi
tốt,xuất sắc
tốt,đáng khen
tốt,đáng ngợi
tốt,đáng tin cậy
tốt,ưu tú
tốt,ưu đãi
tốt,ổn
tổng_thể,chung
tổng_thể,nói chung
tổng_thể,overall
tổng_thể,toàn diện
tổng_thể,tổng quan
view_sông,cảnh sông
view_sông,hướng sông
view_sông,quang cảnh sông
view_sông,tầm nhìn sông
view_tuyệt_vời,cảnh đẹp tuyệt
view_tuyệt_vời,hướng nhìn đẹp
view_tuyệt_vời,quang cảnh xuất sắc
view_tuyệt_vời,tầm nhìn hoàn hảo
view_đẹp,cảnh quan đẹp
view_đẹp,cảnh sắc đẹp
view_đẹp,cảnh đẹp
view_đẹp,hướng nhìn tuyệt
view_đẹp,hướng nhìn đẹp
view_đẹp,khung cảnh đẹp
view_đẹp,nhìn ra cảnh đẹp
view_đẹp,phong cảnh đẹp
view_đẹp,quang cảnh hấp dẫn
view_đẹp,quang cảnh đẹp
view_đẹp,tầm mắt đẹp
view_đẹp,tầm nhìn đẹp
vui_vẻ,hoan hỉ
vui_vẻ,hào hứng
vui_vẻ,hân hoan
vui_vẻ,hớn hở
vui_vẻ,hứng khởi
vui_vẻ,phấn khởi
vui_vẻ,rạng rỡ
vui_vẻ,tươi cười
vui_vẻ,vui nhộn
vui_vẻ,vui tươi
vô_trách_nhiệm,bỏ bê
vô_trách_nhiệm,không chịu trách nhiệm
vô_trách_nhiệm,không coi trọng trách nhiệm
vô_trách_nhiệm,không có trách nhiệm
vô_trách_nhiệm,không nghiêm túc
vô_trách_nhiệm,không quan tâm
vô_trách_nhiệm,không đảm bảo trách nhiệm
vô_trách_nhiệm,lơ là
vô_trách_nhiệm,né tránh trách nhiệm
vô_trách_nhiệm,thiếu tinh thần trách nhiệm
vô_trách_nhiệm,thiếu trách nhiệm
vô_trách_nhiệm,thoái thác trách nhiệm
vô_trách_nhiệm,đùn đẩy trách nhiệm
vô_tâm,hời hợt
vô_tâm,không chú ý
vô_tâm,không nghĩ đến
vô_tâm,không quan tâm
vô_tâm,không để tâm
vô_tâm,lãnh đạm
vô_tâm,lạnh lùng
vô_tâm,thiếu chu đáo
vô_tâm,thiếu chăm sóc
vô_tâm,thiếu trách nhiệm
vô_tâm,thiếu để ý
vô_tâm,thờ ơ
vị_trí,khu vực
vị_trí,location
vị_trí,nơi đặt
vị_trí,nằm ở
vị_trí,tọa lạc
vị_trí,địa thế
vị_trí,địa điểm
vừa_phải,hợp lý
vừa_phải,không đắt
vừa_phải,phù hợp
vừa_phải,vừa túi tiền
wifi,internet
wifi,kết nối
wifi,mạng không dây
wifi,mạng wifi
wifi,wireless
xa,cách xa
xa,không gần
xa,xa tín hiệu
xa,xa tít
xa,xa xôi
xa_chợ,cách chợ
xa_chợ,không gần chợ
xa_chợ,xa khu mua sắm
xa_chợ,xa nơi giao thương
xa_khách_sạn,cách xa khách sạn
xa_khách_sạn,không gần khách sạn
xa_khách_sạn,xa chỗ ở
xa_khách_sạn,xa khu nghỉ
xa_phòng,cách xa phòng
xa_phòng,khó tiếp cận
xa_phòng,không gần phòng
xa_phòng,xa chỗ ở
xa_sân_bay,cách sân bay
xa_sân_bay,không gần sân bay
xa_sân_bay,xa khu bay
xa_sân_bay,xa điểm cất cánh
xa_trung_tâm,cách trung tâm
xa_trung_tâm,không gần trung tâm
xa_trung_tâm,ngoài trung tâm
xa_trung_tâm,xa khu chính
xa_xôi,cách trở
xa_xôi,hẻo lánh
xa_xôi,xa lắc
xa_xôi,xa vời
xanh,lục bảo
xanh,xanh mát
xanh,xanh rì
xanh,xanh tươi
xe_đưa_đón,dịch vụ đưa đón
xe_đưa_đón,shuttle
xe_đưa_đón,transfer
xe_đưa_đón,xe bus đưa đón
xe_đưa_đón,đưa đón
xuống_cấp,cũ kỹ
xuống_cấp,hư cũ
xuống_cấp,hư hại
xuống_cấp,hư hỏng
xuống_cấp,hư hỏng dần
xuống_cấp,hỏng hóc
xuống_cấp,không còn tốt
xuống_cấp,suy thoái
xuống_cấp,thoái hóa
xuống_cấp,tồi tàn
xuống_cấp,xuống chất lượng
xuống_cấp,xuống sắc
xuống_cấp,xập xệ
xây_đẹp,cấu trúc ấn tượng
xây_đẹp,kiến trúc đẹp
xây_đẹp,thiết kế đẹp
xây_đẹp,xây dựng hấp dẫn
xấu,không hấp dẫn
xấu,kém đẹp
xấu,thô kệch
xấu,xấu xí
xứng_5,chuẩn 5 sao
xứng_5,xứng đáng 5 sao
xứng_5,đạt 5 sao
xứng_5,đủ tiêu chuẩn 5 sao
xứng_đáng,hợp với giá
xứng_đáng,tương xứng
xứng_đáng,đáng giá
xứng_đáng,đáng đồng tiền
yên_tĩnh,im ắng
yên_tĩnh,không ồn ào
yên_tĩnh,lặng lẽ
yên_tĩnh,thanh bình
yên_tĩnh,trầm lặng
yên_tĩnh,tĩnh lặng
yên_tĩnh,tĩnh mịch
yên_tĩnh,vắng lặng
yên_tĩnh,yên ắng
yên_tĩnh,êm ả
yếu,không mạnh
yếu,kém
yếu,nhẹ
yếu,tín hiệu kém
êm,không ồn
êm,yên tĩnh
êm,êm ru
êm,êm ái
ít,hạn chế
ít,không nhiều
ít,thiếu thốn
ít,ít ỏi
ít_cây,cây thưa thớt
ít_cây,không nhiều cây
ít_cây,thiếu cây xanh
ít_cây,thưa cây
ít_dịch_vụ,dịch vụ ít
ít_dịch_vụ,hạn chế dịch vụ
ít_dịch_vụ,không nhiều dịch vụ
ít_dịch_vụ,thiếu dịch vụ
ít_không_gian,không gian chật
ít_không_gian,không gian hạn chế
ít_không_gian,không gian hẹp
ít_không_gian,không gian nhỏ
ít_lựa_chọn,hạn chế lựa chọn
ít_lựa_chọn,không đa dạng
ít_lựa_chọn,thiếu lựa chọn
ít_lựa_chọn,ít món
ít_món,hạn chế thực đơn
ít_món,không đủ món
ít_món,thiếu món
ít_món,ít lựa chọn
ăn_sáng,breakfast
ăn_sáng,buổi sáng
ăn_sáng,bữa sáng
ăn_sáng,bữa ăn sáng
ăn_sáng,thức ăn sáng
đa_dạng,nhiều kiểu
đa_dạng,phong phú
đa_dạng,đa phong cách
đa_dạng,đủ loại
đa_dạng_dịch_vụ,dịch vụ đa dạng
đa_dạng_dịch_vụ,nhiều dịch vụ
đa_dạng_dịch_vụ,phong phú dịch vụ
đa_dạng_dịch_vụ,đủ loại dịch vụ
điều_chỉnh_được,có thể chỉnh
điều_chỉnh_được,linh hoạt
điều_chỉnh_được,tùy chỉnh
điều_chỉnh_được,điều khiển được
điều_hòa,ac
điều_hòa,air conditioner
điều_hòa,hệ thống làm mát
điều_hòa,máy lạnh
điều_hòa,máy điều hòa
đáng_tin,chắc chắn
đáng_tin,uy tín
đáng_tin,đáng tin cậy
đáng_tin,được tin tưởng
đáng_đồng_tiền,hợp với giá trị
đáng_đồng_tiền,tương xứng chi phí
đáng_đồng_tiền,xứng giá
đáng_đồng_tiền,đáng trả
đúng_giờ,chuẩn giờ
đúng_giờ,kịp giờ
đúng_giờ,đúng hẹn
đúng_giờ,đúng thời gian
đơn_điệu,không đa dạng
đơn_điệu,một màu
đơn_điệu,nhàm chán
đơn_điệu,thiếu sáng tạo
đưa_đón,dịch vụ đưa đón
đưa_đón,shuttle
đưa_đón,transfer
đưa_đón,xe đưa đón
đưa_đón,đón tiễn
đạm_bạc,khiêm tốn
đạm_bạc,nghèo nàn
đạm_bạc,thiếu phong phú
đạm_bạc,đơn sơ
đầy_đủ,hoàn bị
đầy_đủ,hoàn chỉnh
đầy_đủ,không thiếu
đầy_đủ,không thiếu thốn
đầy_đủ,toàn diện
đầy_đủ,toàn vẹn
đầy_đủ,trang bị tốt
đầy_đủ,tròn đủ
đầy_đủ,trọn vẹn
đầy_đủ,đủ cả
đầy_đủ,đủ mọi thứ
đầy_đủ,đủ đầy
đầy_đủ_thiết_bị,không thiếu thiết bị
đầy_đủ_thiết_bị,thiết bị đầy đủ
đầy_đủ_thiết_bị,toàn bộ thiết bị
đầy_đủ_thiết_bị,đủ dụng cụ
đầy_đủ_tiện_nghi,bao gồm mọi thứ
đầy_đủ_tiện_nghi,có đủ tiện ích
đầy_đủ_tiện_nghi,không thiếu tiện nghi
đầy_đủ_tiện_nghi,đáp ứng mọi tiện nghi
đắt,cao giá
đắt,giá cao
đắt,mắc
đắt,tốn kém
đắt_đỏ,cao giá
đắt_đỏ,không kinh tế
đắt_đỏ,quá đắt
đắt_đỏ,xa xỉ
đẳng_cấp_5,cao cấp 5 sao
đẳng_cấp_5,hạng 5 sao
đẳng_cấp_5,sang trọng 5 sao
đẳng_cấp_5,đỉnh cao 5 sao
đặc_sản,món nổi tiếng
đặc_sản,món riêng biệt
đặc_sản,món đặc trưng
đặc_sản,đặc sản địa phương
đẹp,diễm lệ
đẹp,duyên dáng
đẹp,hấp dẫn
đẹp,lộng lẫy
đẹp,mỹ lệ
đẹp,mỹ miều
đẹp,thanh lịch
đẹp,thu hút
đẹp,xinh
đẹp,đẹp mắt
đẹp,đẹp đẽ
đồ_ăn,food
đồ_ăn,món ăn
đồ_ăn,thức ăn
đồ_ăn,thực phẩm
đồ_ăn,đồ uống
đủ,không thiếu
đủ,thoải mái
đủ,vừa đủ
đủ,đầy đủ
ưu_đãi,giảm giá
ưu_đãi,hỗ trợ giá
ưu_đãi,khuyến mãi
ưu_đãi,tặng kèm
ấm,dễ chịu
ấm,không lạnh
ấm,nước ấm
ấm,ấm áp
ẩm_mốc,có nấm mốc
ẩm_mốc,mùi mốc
ẩm_mốc,mốc meo
ẩm_mốc,mốc ẩm
ẩm_mốc,nồm ẩm
ẩm_mốc,ẩm mùi
ẩm_mốc,ẩm mốc
ẩm_mốc,ẩm thấp
ẩm_mốc,ẩm ướt
ồn,inh ỏi
ồn,náo nhiệt
ồn,xáo động
ồn,ầm ĩ
ồn_ào,huyên náo
ồn_ào,inh ỏi
ồn_ào,náo loạn
ồn_ào,náo nhiệt
ồn_ào,náo động
ồn_ào,xáo động
ồn_ào,xôn xao
ồn_ào,ầm ĩ
ồn_ào,ồn
ồn_ào,ồn áo
ồn_ào,ồn ã
ồn_ào,ồn ĩ
ổn_định,bền vững
ổn_định,chắc chắn
ổn_định,không chập chờn
ổn_định,liên tục